0,110.351,36.3319
0,110.451,36.3319
0,110.551,36.3319
0,110.651,36.3319
0,110.751,36.3319
0,110.851,36.3319
0,110.951,36.3319
0,111.051,36.3319
0,111.151,36.3319
0,111.251,36.3319
0,111.351,36.3319
0,111.451,36.3319
0,111.551,36.3319
0,111.651,36.3319
0,111.751,36.3319
0,111.851,36.3319
0,111.951,36.3319
0,112.051,36.3319
0,112.151,36.3319
0,112.251,36.3319
0,112.351,36.3319
0,112.451,36.3319
0,112.551,36.3319
0,112.651,36.3319
0,112.751,36.3319
0,112.851,36.3319
0,112.951,36.3319
0,113.051,36.3319
0,113.151,36.3319
0,113.251,36.3319
0,113.351,36.3319
0,113.451,36.3319
0,113.551,36.3319
21.9038,113.651,36.3319
22.5248,113.751,36.3319
23.1457,113.851,36.3319
21.4939,113.951,36.3319
19.7163,114.051,36.3319
0,114.151,36.3319
0,114.251,36.3319
0,114.351,36.3319
0,114.451,36.3319
0,114.551,36.3319
0,114.651,36.3319
0,114.751,36.3319
0,114.851,36.3319
0,114.951,36.3319
0,115.051,36.3319
0,115.151,36.3319
0,115.251,36.3319
0,115.351,36.3319
0,115.451,36.3319
0,115.551,36.3319
0,115.651,36.3319
0,115.751,36.3319
0,115.851,36.3319
0,115.951,36.3319
0,116.051,36.3319
0,116.151,36.3319
0,116.251,36.3319
0,116.351,36.3319
0,116.451,36.3319
0,110.351,36.2319
0,110.451,36.2319
0,110.551,36.2319
0,110.651,36.2319
0,110.751,36.2319
0,110.851,36.2319
0,110.951,36.2319
0,111.051,36.2319
0,111.151,36.2319
0,111.251,36.2319
0,111.351,36.2319
0,111.451,36.2319
0,111.551,36.2319
0,111.651,36.2319
0,111.751,36.2319
0,111.851,36.2319
0,111.951,36.2319
0,112.051,36.2319
0,112.151,36.2319
0,112.251,36.2319
0,112.351,36.2319
0,112.451,36.2319
0,112.551,36.2319
0,112.651,36.2319
0,112.751,36.2319
0,112.851,36.2319
0,112.951,36.2319
0,113.051,36.2319
0,113.151,36.2319
0,113.251,36.2319
0,113.351,36.2319
0,113.451,36.2319
0,113.551,36.2319
22.5606,113.651,36.2319
23.3741,113.751,36.2319
24.1877,113.851,36.2319
22.1541,113.951,36.2319
19.9629,114.051,36.2319
17.7717,114.151,36.2319
16.4005,114.251,36.2319
15.2063,114.351,36.2319
0,114.451,36.2319
0,114.551,36.2319
0,114.651,36.2319
0,114.751,36.2319
0,114.851,36.2319
0,114.951,36.2319
16.6464,115.051,36.2319
0,115.151,36.2319
0,115.251,36.2319
0,115.351,36.2319
0,115.451,36.2319
0,115.551,36.2319
0,115.651,36.2319
0,115.751,36.2319
0,115.851,36.2319
0,115.951,36.2319
0,116.051,36.2319
0,116.151,36.2319
0,116.251,36.2319
0,116.351,36.2319
0,116.451,36.2319
0,110.351,36.1319
0,110.451,36.1319
0,110.551,36.1319
0,110.651,36.1319
0,110.751,36.1319
0,110.851,36.1319
0,110.951,36.1319
0,111.051,36.1319
0,111.151,36.1319
0,111.251,36.1319
0,111.351,36.1319
0,111.451,36.1319
0,111.551,36.1319
0,111.651,36.1319
0,111.751,36.1319
0,111.851,36.1319
0,111.951,36.1319
0,112.051,36.1319
0,112.151,36.1319
0,112.251,36.1319
0,112.351,36.1319
0,112.451,36.1319
0,112.551,36.1319
0,112.651,36.1319
0,112.751,36.1319
0,112.851,36.1319
0,112.951,36.1319
0,113.051,36.1319
0,113.151,36.1319
0,113.251,36.1319
0,113.351,36.1319
0,113.451,36.1319
0,113.551,36.1319
22.8586,113.651,36.1319
23.7015,113.751,36.1319
24.5445,113.851,36.1319
22.3378,113.951,36.1319
19.9622,114.051,36.1319
17.5867,114.151,36.1319
16.2547,114.251,36.1319
15.1479,114.351,36.1319
14.0411,114.451,36.1319
13.9853,114.551,36.1319
14.3853,114.651,36.1319
14.7852,114.751,36.1319
0,114.851,36.1319
16.5352,114.951,36.1319
17.5394,115.051,36.1319
18.4262,115.151,36.1319
19.1682,115.251,36.1319
19.9102,115.351,36.1319
0,115.451,36.1319
0,115.551,36.1319
0,115.651,36.1319
0,115.751,36.1319
0,115.851,36.1319
24.5833,115.951,36.1319
0,116.051,36.1319
0,116.151,36.1319
0,116.251,36.1319
0,116.351,36.1319
0,116.451,36.1319
0,110.351,36.0319
0,110.451,36.0319
0,110.551,36.0319
0,110.651,36.0319
0,110.751,36.0319
0,110.851,36.0319
0,110.951,36.0319
0,111.051,36.0319
0,111.151,36.0319
0,111.251,36.0319
0,111.351,36.0319
0,111.451,36.0319
0,111.551,36.0319
0,111.651,36.0319
0,111.751,36.0319
0,111.851,36.0319
0,111.951,36.0319
0,112.051,36.0319
0,112.151,36.0319
0,112.251,36.0319
0,112.351,36.0319
0,112.451,36.0319
0,112.551,36.0319
0,112.651,36.0319
0,112.751,36.0319
0,112.851,36.0319
0,112.951,36.0319
0,113.051,36.0319
0,113.151,36.0319
0,113.251,36.0319
0,113.351,36.0319
0,113.451,36.0319
0,113.551,36.0319
22.682,113.651,36.0319
23.3387,113.751,36.0319
23.9954,113.851,36.0319
21.8914,113.951,36.0319
19.6347,114.051,36.0319
17.3779,114.151,36.0319
16.1401,114.251,36.0319
15.122,114.351,36.0319
14.104,114.451,36.0319
14.1369,114.551,36.0319
14.6255,114.651,36.0319
15.1141,114.751,36.0319
15.936,114.851,36.0319
17.0067,114.951,36.0319
18.0774,115.051,36.0319
19.106,115.151,36.0319
20.0825,115.251,36.0319
0,115.351,36.0319
0,115.451,36.0319
0,115.551,36.0319
0,115.651,36.0319
0,115.751,36.0319
25.3601,115.851,36.0319
26.2713,115.951,36.0319
0,116.051,36.0319
0,116.151,36.0319
0,116.251,36.0319
0,116.351,36.0319
0,116.451,36.0319
0,110.351,35.9319
0,110.451,35.9319
0,110.551,35.9319
0,110.651,35.9319
0,110.751,35.9319
0,110.851,35.9319
0,110.951,35.9319
0,111.051,35.9319
0,111.151,35.9319
0,111.251,35.9319
0,111.351,35.9319
0,111.451,35.9319
0,111.551,35.9319
0,111.651,35.9319
0,111.751,35.9319
0,111.851,35.9319
0,111.951,35.9319
0,112.051,35.9319
0,112.151,35.9319
0,112.251,35.9319
0,112.351,35.9319
0,112.451,35.9319
0,112.551,35.9319
0,112.651,35.9319
0,112.751,35.9319
0,112.851,35.9319
0,112.951,35.9319
0,113.051,35.9319
0,113.151,35.9319
0,113.251,35.9319
0,113.351,35.9319
0,113.451,35.9319
0,113.551,35.9319
22.5054,113.651,35.9319
22.9758,113.751,35.9319
23.4462,113.851,35.9319
21.4451,113.951,35.9319
19.3071,114.051,35.9319
17.1692,114.151,35.9319
16.0254,114.251,35.9319
15.0962,114.351,35.9319
14.1669,114.451,35.9319
14.2885,114.551,35.9319
14.8657,114.651,35.9319
15.443,114.751,35.9319
16.3409,114.851,35.9319
17.4781,114.951,35.9319
18.6154,115.051,35.9319
19.7857,115.151,35.9319
20.9967,115.251,35.9319
0,115.351,35.9319
23.3576,115.451,35.9319
24.3787,115.551,35.9319
25.3999,115.651,35.9319
26.3758,115.751,35.9319
0,115.851,35.9319
0,115.951,35.9319
0,116.051,35.9319
0,116.151,35.9319
0,116.251,35.9319
0,116.351,35.9319
0,116.451,35.9319
0,110.351,35.8319
0,110.451,35.8319
0,110.551,35.8319
0,110.651,35.8319
0,110.751,35.8319
0,110.851,35.8319
0,110.951,35.8319
0,111.051,35.8319
0,111.151,35.8319
0,111.251,35.8319
0,111.351,35.8319
0,111.451,35.8319
0,111.551,35.8319
0,111.651,35.8319
0,111.751,35.8319
0,111.851,35.8319
0,111.951,35.8319
0,112.051,35.8319
0,112.151,35.8319
0,112.251,35.8319
0,112.351,35.8319
0,112.451,35.8319
0,112.551,35.8319
0,112.651,35.8319
0,112.751,35.8319
0,112.851,35.8319
0,112.951,35.8319
0,113.051,35.8319
0,113.151,35.8319
0,113.251,35.8319
0,113.351,35.8319
0,113.451,35.8319
22.1271,113.551,35.8319
21.9543,113.651,35.8319
21.7815,113.751,35.8319
21.6088,113.851,35.8319
19.9195,113.951,35.8319
18.1463,114.051,35.8319
16.373,114.151,35.8319
15.7339,114.251,35.8319
15.3395,114.351,35.8319
14.9451,114.451,35.8319
15.2453,114.551,35.8319
15.8465,114.651,35.8319
16.4478,114.751,35.8319
17.3601,114.851,35.8319
18.5046,114.951,35.8319
19.649,115.051,35.8319
20.848,115.151,35.8319
22.1144,115.251,35.8319
23.3808,115.351,35.8319
24.5706,115.451,35.8319
25.5997,115.551,35.8319
0,115.651,35.8319
0,115.751,35.8319
0,115.851,35.8319
0,115.951,35.8319
0,116.051,35.8319
0,116.151,35.8319
0,116.251,35.8319
0,116.351,35.8319
0,116.451,35.8319
0,110.351,35.7319
0,110.451,35.7319
0,110.551,35.7319
0,110.651,35.7319
0,110.751,35.7319
0,110.851,35.7319
0,110.951,35.7319
0,111.051,35.7319
0,111.151,35.7319
0,111.251,35.7319
0,111.351,35.7319
0,111.451,35.7319
0,111.551,35.7319
0,111.651,35.7319
0,111.751,35.7319
0,111.851,35.7319
0,111.951,35.7319
0,112.051,35.7319
0,112.151,35.7319
0,112.251,35.7319
0,112.351,35.7319
0,112.451,35.7319
0,112.551,35.7319
0,112.651,35.7319
0,112.751,35.7319
0,112.851,35.7319
0,112.951,35.7319
0,113.051,35.7319
0,113.151,35.7319
0,113.251,35.7319
0,113.351,35.7319
0,113.451,35.7319
22.2254,113.551,35.7319
21.3753,113.651,35.7319
20.5253,113.751,35.7319
19.6752,113.851,35.7319
18.3133,113.951,35.7319
16.9232,114.051,35.7319
15.533,114.151,35.7319
15.4292,114.251,35.7319
15.603,114.351,35.7319
15.7767,114.451,35.7319
16.2621,114.551,35.7319
16.8826,114.651,35.7319
17.5031,114.751,35.7319
18.4252,114.851,35.7319
19.5724,114.951,35.7319
20.7196,115.051,35.7319
21.9389,115.151,35.7319
23.2473,115.251,35.7319
24.5556,115.351,35.7319
0,115.451,35.7319
0,115.551,35.7319
0,115.651,35.7319
0,115.751,35.7319
0,115.851,35.7319
0,115.951,35.7319
0,116.051,35.7319
0,116.151,35.7319
0,116.251,35.7319
0,116.351,35.7319
0,116.451,35.7319
0,110.351,35.6319
0,110.451,35.6319
0,110.551,35.6319
0,110.651,35.6319
0,110.751,35.6319
0,110.851,35.6319
0,110.951,35.6319
0,111.051,35.6319
0,111.151,35.6319
0,111.251,35.6319
0,111.351,35.6319
0,111.451,35.6319
0,111.551,35.6319
0,111.651,35.6319
0,111.751,35.6319
0,111.851,35.6319
0,111.951,35.6319
0,112.051,35.6319
0,112.151,35.6319
0,112.251,35.6319
0,112.351,35.6319
0,112.451,35.6319
0,112.551,35.6319
0,112.651,35.6319
0,112.751,35.6319
0,112.851,35.6319
0,112.951,35.6319
0,113.051,35.6319
0,113.151,35.6319
0,113.251,35.6319
0,113.351,35.6319
20.8556,113.451,35.6319
21.4036,113.551,35.6319
20.3089,113.651,35.6319
19.2143,113.751,35.6319
18.1197,113.851,35.6319
17.1813,113.951,35.6319
16.2516,114.051,35.6319
15.3219,114.151,35.6319
15.609,114.251,35.6319
16.1586,114.351,35.6319
16.7082,114.451,35.6319
17.3108,114.551,35.6319
17.9363,114.651,35.6319
18.5618,114.751,35.6319
19.4763,114.851,35.6319
20.6066,114.951,35.6319
21.7369,115.051,35.6319
22.9724,115.151,35.6319
24.3377,115.251,35.6319
0,115.351,35.6319
0,115.451,35.6319
0,115.551,35.6319
0,115.651,35.6319
0,115.751,35.6319
0,115.851,35.6319
0,115.951,35.6319
0,116.051,35.6319
0,116.151,35.6319
0,116.251,35.6319
0,116.351,35.6319
0,116.451,35.6319
0,110.351,35.5319
0,110.451,35.5319
0,110.551,35.5319
0,110.651,35.5319
0,110.751,35.5319
0,110.851,35.5319
0,110.951,35.5319
0,111.051,35.5319
0,111.151,35.5319
0,111.251,35.5319
0,111.351,35.5319
0,111.451,35.5319
0,111.551,35.5319
0,111.651,35.5319
0,111.751,35.5319
0,111.851,35.5319
0,111.951,35.5319
0,112.051,35.5319
0,112.151,35.5319
0,112.251,35.5319
0,112.351,35.5319
0,112.451,35.5319
0,112.551,35.5319
0,112.651,35.5319
0,112.751,35.5319
0,112.851,35.5319
0,112.951,35.5319
0,113.051,35.5319
0,113.151,35.5319
0,113.251,35.5319
19.0664,113.351,35.5319
19.2501,113.451,35.5319
19.3648,113.551,35.5319
18.5979,113.651,35.5319
17.8311,113.751,35.5319
17.0643,113.851,35.5319
16.6764,113.951,35.5319
16.3095,114.051,35.5319
15.9426,114.151,35.5319
16.4295,114.251,35.5319
17.1007,114.351,35.5319
17.7718,114.451,35.5319
18.4015,114.551,35.5319
19.0133,114.651,35.5319
19.6251,114.751,35.5319
20.5091,114.851,35.5319
21.5965,114.951,35.5319
22.6838,115.051,35.5319
23.93,115.151,35.5319
0,115.251,35.5319
0,115.351,35.5319
0,115.451,35.5319
0,115.551,35.5319
0,115.651,35.5319
0,115.751,35.5319
0,115.851,35.5319
0,115.951,35.5319
0,116.051,35.5319
0,116.151,35.5319
0,116.251,35.5319
0,116.351,35.5319
0,116.451,35.5319
0,110.351,35.4319
0,110.451,35.4319
0,110.551,35.4319
0,110.651,35.4319
0,110.751,35.4319
0,110.851,35.4319
0,110.951,35.4319
0,111.051,35.4319
0,111.151,35.4319
0,111.251,35.4319
0,111.351,35.4319
0,111.451,35.4319
0,111.551,35.4319
0,111.651,35.4319
0,111.751,35.4319
0,111.851,35.4319
0,111.951,35.4319
0,112.051,35.4319
0,112.151,35.4319
0,112.251,35.4319
0,112.351,35.4319
0,112.451,35.4319
0,112.551,35.4319
0,112.651,35.4319
0,112.751,35.4319
0,112.851,35.4319
0,112.951,35.4319
0,113.051,35.4319
18.3785,113.151,35.4319
18.2626,113.251,35.4319
17.9535,113.351,35.4319
17.6445,113.451,35.4319
17.326,113.551,35.4319
16.8869,113.651,35.4319
16.4479,113.751,35.4319
16.0088,113.851,35.4319
16.1714,113.951,35.4319
16.3674,114.051,35.4319
16.5633,114.151,35.4319
17.2501,114.251,35.4319
18.0427,114.351,35.4319
18.8353,114.451,35.4319
19.4922,114.551,35.4319
20.0903,114.651,35.4319
20.6883,114.751,35.4319
21.542,114.851,35.4319
22.5864,114.951,35.4319
0,115.051,35.4319
0,115.151,35.4319
0,115.251,35.4319
0,115.351,35.4319
0,115.451,35.4319
0,115.551,35.4319
0,115.651,35.4319
0,115.751,35.4319
0,115.851,35.4319
0,115.951,35.4319
0,116.051,35.4319
0,116.151,35.4319
0,116.251,35.4319
0,116.351,35.4319
0,116.451,35.4319
0,110.351,35.3319
0,110.451,35.3319
0,110.551,35.3319
0,110.651,35.3319
0,110.751,35.3319
0,110.851,35.3319
0,110.951,35.3319
0,111.051,35.3319
0,111.151,35.3319
0,111.251,35.3319
0,111.351,35.3319
0,111.451,35.3319
0,111.551,35.3319
0,111.651,35.3319
0,111.751,35.3319
0,111.851,35.3319
0,111.951,35.3319
0,112.051,35.3319
0,112.151,35.3319
0,112.251,35.3319
0,112.351,35.3319
0,112.451,35.3319
0,112.551,35.3319
0,112.651,35.3319
0,112.751,35.3319
0,112.851,35.3319
18.6544,112.951,35.3319
18.7639,113.051,35.3319
18.8734,113.151,35.3319
18.9216,113.251,35.3319
18.7211,113.351,35.3319
18.5207,113.451,35.3319
18.3348,113.551,35.3319
18.336,113.651,35.3319
18.3372,113.751,35.3319
18.3384,113.851,35.3319
18.3127,113.951,35.3319
18.2855,114.051,35.3319
18.2583,114.151,35.3319
18.7425,114.251,35.3319
19.337,114.351,35.3319
19.9316,114.451,35.3319
20.567,114.551,35.3319
21.2202,114.651,35.3319
21.8733,114.751,35.3319
22.8279,114.851,35.3319
0,114.951,35.3319
0,115.051,35.3319
0,115.151,35.3319
0,115.251,35.3319
0,115.351,35.3319
0,115.451,35.3319
0,115.551,35.3319
0,115.651,35.3319
0,115.751,35.3319
0,115.851,35.3319
0,115.951,35.3319
0,116.051,35.3319
0,116.151,35.3319
0,116.251,35.3319
0,116.351,35.3319
0,116.451,35.3319
0,110.351,35.2319
0,110.451,35.2319
0,110.551,35.2319
0,110.651,35.2319
0,110.751,35.2319
0,110.851,35.2319
0,110.951,35.2319
0,111.051,35.2319
0,111.151,35.2319
0,111.251,35.2319
0,111.351,35.2319
0,111.451,35.2319
0,111.551,35.2319
0,111.651,35.2319
0,111.751,35.2319
0,111.851,35.2319
0,111.951,35.2319
24.2474,112.051,35.2319
22.7321,112.151,35.2319
21.2168,112.251,35.2319
20.4586,112.351,35.2319
20.2654,112.451,35.2319
20.0723,112.551,35.2319
19.7783,112.651,35.2319
19.3598,112.751,35.2319
18.9413,112.851,35.2319
18.7638,112.951,35.2319
19.0927,113.051,35.2319
19.4215,113.151,35.2319
19.6761,113.251,35.2319
19.629,113.351,35.2319
19.582,113.451,35.2319
19.571,113.551,35.2319
20.0209,113.651,35.2319
20.4707,113.751,35.2319
20.9205,113.851,35.2319
20.6514,113.951,35.2319
20.3425,114.051,35.2319
20.0336,114.151,35.2319
20.2852,114.251,35.2319
20.6577,114.351,35.2319
21.0302,114.451,35.2319
21.6405,114.551,35.2319
22.354,114.651,35.2319
23.0674,114.751,35.2319
0,114.851,35.2319
0,114.951,35.2319
0,115.051,35.2319
0,115.151,35.2319
0,115.251,35.2319
0,115.351,35.2319
0,115.451,35.2319
0,115.551,35.2319
0,115.651,35.2319
0,115.751,35.2319
0,115.851,35.2319
0,115.951,35.2319
0,116.051,35.2319
0,116.151,35.2319
0,116.251,35.2319
0,116.351,35.2319
0,116.451,35.2319
0,110.351,35.1319
0,110.451,35.1319
0,110.551,35.1319
0,110.651,35.1319
0,110.751,35.1319
0,110.851,35.1319
0,110.951,35.1319
0,111.051,35.1319
0,111.151,35.1319
0,111.251,35.1319
0,111.351,35.1319
0,111.451,35.1319
0,111.551,35.1319
0,111.651,35.1319
0,111.751,35.1319
28.8534,111.851,35.1319
0,111.951,35.1319
24.584,112.051,35.1319
23.0133,112.151,35.1319
21.4427,112.251,35.1319
20.5036,112.351,35.1319
20.036,112.451,35.1319
19.5684,112.551,35.1319
19.2205,112.651,35.1319
19.0203,112.751,35.1319
18.8201,112.851,35.1319
18.833,112.951,35.1319
19.2933,113.051,35.1319
19.7537,113.151,35.1319
20.1554,113.251,35.1319
20.319,113.351,35.1319
20.4826,113.451,35.1319
20.6708,113.551,35.1319
21.1731,113.651,35.1319
21.6755,113.751,35.1319
22.1779,113.851,35.1319
21.7901,113.951,35.1319
21.353,114.051,35.1319
20.9159,114.151,35.1319
21.0893,114.251,35.1319
21.3944,114.351,35.1319
21.6996,114.451,35.1319
22.364,114.551,35.1319
23.1842,114.651,35.1319
24.0044,114.751,35.1319
0,114.851,35.1319
0,114.951,35.1319
0,115.051,35.1319
0,115.151,35.1319
0,115.251,35.1319
0,115.351,35.1319
0,115.451,35.1319
0,115.551,35.1319
0,115.651,35.1319
0,115.751,35.1319
0,115.851,35.1319
0,115.951,35.1319
0,116.051,35.1319
0,116.151,35.1319
0,116.251,35.1319
0,116.351,35.1319
0,116.451,35.1319
0,110.351,35.0319
0,110.451,35.0319
0,110.551,35.0319
0,110.651,35.0319
0,110.751,35.0319
0,110.851,35.0319
0,110.951,35.0319
0,111.051,35.0319
0,111.151,35.0319
0,111.251,35.0319
0,111.351,35.0319
0,111.451,35.0319
0,111.551,35.0319
30.5347,111.651,35.0319
29.3001,111.751,35.0319
27.8141,111.851,35.0319
26.3282,111.951,35.0319
25.0248,112.051,35.0319
23.8005,112.151,35.0319
22.5763,112.251,35.0319
21.5555,112.351,35.0319
20.6866,112.451,35.0319
19.8177,112.551,35.0319
19.2457,112.651,35.0319
19.0401,112.751,35.0319
18.8345,112.851,35.0319
18.8487,112.951,35.0319
19.3245,113.051,35.0319
19.8002,113.151,35.0319
20.2709,113.251,35.0319
20.7207,113.351,35.0319
21.1706,113.451,35.0319
21.59,113.551,35.0319
21.6211,113.651,35.0319
21.6522,113.751,35.0319
21.6833,113.851,35.0319
21.3417,113.951,35.0319
20.9796,114.051,35.0319
20.6174,114.151,35.0319
20.9168,114.251,35.0319
21.359,114.351,35.0319
21.8012,114.451,35.0319
22.6245,114.551,35.0319
23.613,114.651,35.0319
24.6015,114.751,35.0319
25.7656,114.851,35.0319
0,114.951,35.0319
28.3558,115.051,35.0319
0,115.151,35.0319
0,115.251,35.0319
0,115.351,35.0319
0,115.451,35.0319
0,115.551,35.0319
0,115.651,35.0319
0,115.751,35.0319
0,115.851,35.0319
0,115.951,35.0319
0,116.051,35.0319
0,116.151,35.0319
0,116.251,35.0319
0,116.351,35.0319
0,116.451,35.0319
0,110.351,34.9319
0,110.451,34.9319
0,110.551,34.9319
0,110.651,34.9319
0,110.751,34.9319
0,110.851,34.9319
0,110.951,34.9319
0,111.051,34.9319
0,111.151,34.9319
0,111.251,34.9319
0,111.351,34.9319
0,111.451,34.9319
29.1674,111.551,34.9319
27.9637,111.651,34.9319
27.31,111.751,34.9319
26.7748,111.851,34.9319
26.2397,111.951,34.9319
25.4655,112.051,34.9319
24.5877,112.151,34.9319
23.7099,112.251,34.9319
22.6074,112.351,34.9319
21.3372,112.451,34.9319
20.067,112.551,34.9319
19.2708,112.651,34.9319
19.0598,112.751,34.9319
18.8489,112.851,34.9319
18.8644,112.951,34.9319
19.3556,113.051,34.9319
19.8468,113.151,34.9319
20.3864,113.251,34.9319
21.1225,113.351,34.9319
21.8586,113.451,34.9319
22.5093,113.551,34.9319
22.0691,113.651,34.9319
21.6289,113.751,34.9319
21.1886,113.851,34.9319
20.8934,113.951,34.9319
20.6061,114.051,34.9319
20.3189,114.151,34.9319
20.7444,114.251,34.9319
21.3236,114.351,34.9319
21.9028,114.451,34.9319
22.885,114.551,34.9319
24.0418,114.651,34.9319
25.1986,114.751,34.9319
26.3876,114.851,34.9319
27.6005,114.951,34.9319
28.8133,115.051,34.9319
29.897,115.151,34.9319
0,115.251,34.9319
0,115.351,34.9319
0,115.451,34.9319
0,115.551,34.9319
0,115.651,34.9319
0,115.751,34.9319
0,115.851,34.9319
0,115.951,34.9319
0,116.051,34.9319
0,116.151,34.9319
0,116.251,34.9319
0,116.351,34.9319
0,116.451,34.9319
0,110.351,34.8319
0,110.451,34.8319
0,110.551,34.8319
0,110.651,34.8319
0,110.751,34.8319
0,110.851,34.8319
0,110.951,34.8319
0,111.051,34.8319
0,111.151,34.8319
31.9421,111.251,34.8319
30.5456,111.351,34.8319
30.0427,111.451,34.8319
29.5892,111.551,34.8319
29.1358,111.651,34.8319
28.3474,111.751,34.8319
27.4868,111.851,34.8319
26.6263,111.951,34.8319
25.6961,112.051,34.8319
24.7357,112.151,34.8319
23.7754,112.251,34.8319
22.6891,112.351,34.8319
21.509,112.451,34.8319
20.3288,112.551,34.8319
19.5348,112.651,34.8319
19.2177,112.751,34.8319
18.9005,112.851,34.8319
18.8441,112.951,34.8319
19.3354,113.051,34.8319
19.8268,113.151,34.8319
20.3031,113.251,34.8319
20.7188,113.351,34.8319
21.1344,113.451,34.8319
21.4853,113.551,34.8319
21.01,113.651,34.8319
20.5346,113.751,34.8319
20.0593,113.851,34.8319
19.9177,113.951,34.8319
19.7946,114.051,34.8319
19.6715,114.151,34.8319
20.2689,114.251,34.8319
21.0216,114.351,34.8319
21.7744,114.451,34.8319
22.8735,114.551,34.8319
24.1227,114.651,34.8319
25.3719,114.751,34.8319
26.5916,114.851,34.8319
27.7894,114.951,34.8319
28.9872,115.051,34.8319
30.0169,115.151,34.8319
30.8389,115.251,34.8319
0,115.351,34.8319
0,115.451,34.8319
0,115.551,34.8319
0,115.651,34.8319
0,115.751,34.8319
0,115.851,34.8319
0,115.951,34.8319
0,116.051,34.8319
0,116.151,34.8319
0,116.251,34.8319
0,116.351,34.8319
0,116.451,34.8319
0,110.351,34.7319
0,110.451,34.7319
0,110.551,34.7319
0,110.651,34.7319
0,110.751,34.7319
32.6236,110.851,34.7319
31.2275,110.951,34.7319
29.918,111.051,34.7319
29.7149,111.151,34.7319
29.5117,111.251,34.7319
29.3086,111.351,34.7319
29.7123,111.451,34.7319
30.1497,111.551,34.7319
30.5871,111.651,34.7319
29.6108,111.751,34.7319
28.3295,111.851,34.7319
27.0483,111.951,34.7319
25.9109,112.051,34.7319
24.836,112.151,34.7319
23.7611,112.251,34.7319
22.6985,112.351,34.7319
21.645,112.451,34.7319
20.5915,112.551,34.7319
19.8167,112.651,34.7319
19.3858,112.751,34.7319
18.9549,112.851,34.7319
18.8211,112.951,34.7319
19.3114,113.051,34.7319
19.8018,113.151,34.7319
20.2051,113.251,34.7319
20.2549,113.351,34.7319
20.3048,113.451,34.7319
20.3164,113.551,34.7319
19.8384,113.651,34.7319
19.3605,113.751,34.7319
18.8826,113.851,34.7319
18.9027,113.951,34.7319
18.9504,114.051,34.7319
18.9981,114.151,34.7319
19.7708,114.251,34.7319
20.6998,114.351,34.7319
21.6288,114.451,34.7319
22.8416,114.551,34.7319
24.1776,114.651,34.7319
25.5135,114.751,34.7319
26.7645,114.851,34.7319
27.9523,114.951,34.7319
29.14,115.051,34.7319
30.1163,115.151,34.7319
30.8315,115.251,34.7319
31.5468,115.351,34.7319
0,115.451,34.7319
0,115.551,34.7319
0,115.651,34.7319
0,115.751,34.7319
0,115.851,34.7319
0,115.951,34.7319
0,116.051,34.7319
0,116.151,34.7319
0,116.251,34.7319
0,116.351,34.7319
0,116.451,34.7319
35.2186,110.351,34.6319
35.1093,110.451,34.6319
0,110.551,34.6319
34.2873,110.651,34.6319
33.584,110.751,34.6319
31.6935,110.851,34.6319
29.8029,110.951,34.6319
28.0795,111.051,34.6319
28.4928,111.151,34.6319
28.906,111.251,34.6319
29.3193,111.351,34.6319
29.9295,111.451,34.6319
30.5506,111.551,34.6319
31.1717,111.651,34.6319
30.0336,111.751,34.6319
28.5159,111.851,34.6319
26.9983,111.951,34.6319
25.7482,112.051,34.6319
24.6142,112.151,34.6319
23.4801,112.251,34.6319
22.3798,112.351,34.6319
21.3047,112.451,34.6319
20.2296,112.551,34.6319
19.4175,112.651,34.6319
18.93,112.751,34.6319
18.4426,112.851,34.6319
18.2786,112.951,34.6319
18.7942,113.051,34.6319
19.3098,113.151,34.6319
19.7238,113.251,34.6319
19.7256,113.351,34.6319
19.7273,113.451,34.6319
19.7005,113.551,34.6319
19.3097,113.651,34.6319
18.9189,113.751,34.6319
18.5281,113.851,34.6319
18.7436,113.951,34.6319
18.9926,114.051,34.6319
19.2416,114.151,34.6319
20.1498,114.251,34.6319
21.2001,114.351,34.6319
22.2505,114.451,34.6319
23.4803,114.551,34.6319
24.7878,114.651,34.6319
26.0953,114.751,34.6319
27.2944,114.851,34.6319
28.4125,114.951,34.6319
29.5307,115.051,34.6319
30.4223,115.151,34.6319
31.0344,115.251,34.6319
31.6465,115.351,34.6319
0,115.451,34.6319
0,115.551,34.6319
0,115.651,34.6319
0,115.751,34.6319
0,115.851,34.6319
30.6178,115.951,34.6319
0,116.051,34.6319
0,116.151,34.6319
0,116.251,34.6319
0,116.351,34.6319
0,116.451,34.6319
33.9727,110.351,34.5319
33.6978,110.451,34.5319
33.5118,110.551,34.5319
33.3257,110.651,34.5319
32.9858,110.751,34.5319
32.0209,110.851,34.5319
31.056,110.951,34.5319
30.1804,111.051,34.5319
30.447,111.151,34.5319
30.7136,111.251,34.5319
30.9801,111.351,34.5319
30.8707,111.451,34.5319
30.7404,111.551,34.5319
30.6101,111.651,34.5319
29.3447,111.751,34.5319
27.8344,111.851,34.5319
26.324,111.951,34.5319
25.0861,112.051,34.5319
23.9663,112.151,34.5319
22.8464,112.251,34.5319
21.6275,112.351,34.5319
20.3345,112.451,34.5319
19.0415,112.551,34.5319
18.1176,112.651,34.5319
17.6491,112.751,34.5319
17.1807,112.851,34.5319
17.049,112.951,34.5319
17.6246,113.051,34.5319
18.2002,113.151,34.5319
18.7359,113.251,34.5319
19.1095,113.351,34.5319
19.4831,113.451,34.5319
19.8162,113.551,34.5319
19.6312,113.651,34.5319
19.4461,113.751,34.5319
19.261,113.851,34.5319
19.7163,113.951,34.5319
20.207,114.051,34.5319
20.6977,114.151,34.5319
21.6888,114.251,34.5319
22.7879,114.351,34.5319
23.887,114.451,34.5319
25.0055,114.551,34.5319
26.1324,114.651,34.5319
27.2593,114.751,34.5319
28.2963,114.851,34.5319
29.2662,114.951,34.5319
30.2361,115.051,34.5319
31.0017,115.151,34.5319
31.5153,115.251,34.5319
32.0289,115.351,34.5319
32.313,115.451,34.5319
32.1153,115.551,34.5319
31.9176,115.651,34.5319
31.6712,115.751,34.5319
31.2269,115.851,34.5319
30.7826,115.951,34.5319
30.3314,116.051,34.5319
0,116.151,34.5319
0,116.251,34.5319
0,116.351,34.5319
0,116.451,34.5319
0,110.351,34.4319
32.2863,110.451,34.4319
32.3252,110.551,34.4319
32.3642,110.651,34.4319
32.3877,110.751,34.4319
32.3484,110.851,34.4319
32.3091,110.951,34.4319
32.2813,111.051,34.4319
32.4012,111.151,34.4319
32.5211,111.251,34.4319
32.6409,111.351,34.4319
31.8118,111.451,34.4319
30.9302,111.551,34.4319
30.0485,111.651,34.4319
28.6558,111.751,34.4319
27.1528,111.851,34.4319
25.6498,111.951,34.4319
24.424,112.051,34.4319
23.3183,112.151,34.4319
22.2127,112.251,34.4319
20.8751,112.351,34.4319
19.3642,112.451,34.4319
17.8534,112.551,34.4319
16.8176,112.651,34.4319
16.3683,112.751,34.4319
15.9189,112.851,34.4319
15.8194,112.951,34.4319
16.455,113.051,34.4319
17.0906,113.151,34.4319
17.7479,113.251,34.4319
18.4934,113.351,34.4319
19.239,113.451,34.4319
19.9319,113.551,34.4319
19.9526,113.651,34.4319
19.9733,113.751,34.4319
19.994,113.851,34.4319
20.689,113.951,34.4319
21.4214,114.051,34.4319
22.1537,114.151,34.4319
23.2278,114.251,34.4319
24.3757,114.351,34.4319
25.5235,114.451,34.4319
26.5308,114.551,34.4319
27.4771,114.651,34.4319
28.4233,114.751,34.4319
29.2983,114.851,34.4319
30.1199,114.951,34.4319
30.9415,115.051,34.4319
31.5812,115.151,34.4319
31.9962,115.251,34.4319
32.4112,115.351,34.4319
32.6201,115.451,34.4319
32.3958,115.551,34.4319
32.1715,115.651,34.4319
31.8977,115.751,34.4319
31.4226,115.851,34.4319
30.9474,115.951,34.4319
30.4644,116.051,34.4319
0,116.151,34.4319
0,116.251,34.4319
0,116.351,34.4319
0,116.451,34.4319
0,110.351,34.3319
33.0836,110.451,34.3319
33.6683,110.551,34.3319
34.2529,110.651,34.3319
34.6255,110.751,34.3319
34.137,110.851,34.3319
33.6485,110.951,34.3319
33.1566,111.051,34.3319
32.6204,111.151,34.3319
32.0842,111.251,34.3319
31.5481,111.351,34.3319
31.0994,111.451,34.3319
30.6556,111.551,34.3319
30.2118,111.651,34.3319
28.8975,111.751,34.3319
27.3954,111.851,34.3319
25.8933,111.951,34.3319
24.4285,112.051,34.3319
22.9799,112.151,34.3319
21.5313,112.251,34.3319
20.2186,112.351,34.3319
19.0074,112.451,34.3319
17.7963,112.551,34.3319
16.8601,112.651,34.3319
16.2634,112.751,34.3319
15.6666,112.851,34.3319
15.4404,112.951,34.3319
15.9923,113.051,34.3319
16.5442,113.151,34.3319
17.1811,113.251,34.3319
18.1631,113.351,34.3319
19.1451,113.451,34.3319
20.0935,113.551,34.3319
20.6123,113.651,34.3319
21.1311,113.751,34.3319
21.6499,113.851,34.3319
22.5248,113.951,34.3319
23.4195,114.051,34.3319
24.3141,114.151,34.3319
25.3526,114.251,34.3319
26.4222,114.351,34.3319
27.4918,114.451,34.3319
28.292,114.551,34.3319
28.9754,114.651,34.3319
29.6588,114.751,34.3319
30.3261,114.851,34.3319
30.9814,114.951,34.3319
31.6367,115.051,34.3319
32.1089,115.151,34.3319
32.3552,115.251,34.3319
32.6015,115.351,34.3319
32.6946,115.451,34.3319
32.4659,115.551,34.3319
32.2372,115.651,34.3319
31.9537,115.751,34.3319
31.4471,115.851,34.3319
30.9406,115.951,34.3319
30.4323,116.051,34.3319
29.9022,116.151,34.3319
29.372,116.251,34.3319
0,116.351,34.3319
0,116.451,34.3319
0,110.351,34.2319
0,110.451,34.2319
35.2,110.551,34.2319
36.3543,110.651,34.2319
37.075,110.751,34.2319
36.0347,110.851,34.2319
34.9944,110.951,34.2319
33.9403,111.051,34.2319
32.7101,111.151,34.2319
31.4799,111.251,34.2319
30.2497,111.351,34.2319
30.2636,111.451,34.2319
30.3464,111.551,34.2319
30.4291,111.651,34.2319
29.2086,111.751,34.2319
27.707,111.851,34.2319
26.2053,111.951,34.2319
24.4828,112.051,34.2319
22.6646,112.151,34.2319
20.8463,112.251,34.2319
19.5693,112.351,34.2319
18.6964,112.451,34.2319
17.8235,112.551,34.2319
17.0027,112.651,34.2319
16.2462,112.751,34.2319
15.4897,112.851,34.2319
15.1248,112.951,34.2319
15.5824,113.051,34.2319
16.0399,113.151,34.2319
16.6458,113.251,34.2319
17.8541,113.351,34.2319
19.0624,113.451,34.2319
20.2585,113.551,34.2319
21.2972,113.651,34.2319
22.336,113.751,34.2319
23.3748,113.851,34.2319
24.4251,113.951,34.2319
25.476,114.051,34.2319
26.527,114.151,34.2319
27.5211,114.251,34.2319
28.503,114.351,34.2319
29.4849,114.451,34.2319
30.0709,114.551,34.2319
30.4852,114.651,34.2319
30.8996,114.751,34.2319
31.3559,114.851,34.2319
31.8435,114.951,34.2319
32.3311,115.051,34.2319
32.6328,115.151,34.2319
32.7051,115.251,34.2319
32.7774,115.351,34.2319
32.7517,115.451,34.2319
32.5203,115.551,34.2319
32.2889,115.651,34.2319
31.9969,115.751,34.2319
31.4589,115.851,34.2319
30.921,115.951,34.2319
30.388,116.051,34.2319
29.9192,116.151,34.2319
29.4504,116.251,34.2319
28.9816,116.351,34.2319
28.5316,116.451,34.2319
0,110.351,34.1319
0,110.451,34.1319
36.4602,110.551,34.1319
37.6025,110.651,34.1319
38.3119,110.751,34.1319
37.2629,110.851,34.1319
36.2138,110.951,34.1319
35.1341,111.051,34.1319
33.6614,111.151,34.1319
32.1888,111.251,34.1319
30.7162,111.351,34.1319
30.783,111.451,34.1319
30.935,111.551,34.1319
31.087,111.651,34.1319
29.8658,111.751,34.1319
28.3482,111.851,34.1319
26.8307,111.951,34.1319
25.0109,112.051,34.1319
23.06,112.151,34.1319
21.1091,112.251,34.1319
19.8749,112.351,34.1319
19.1757,112.451,34.1319
18.4765,112.551,34.1319
17.694,112.651,34.1319
16.8084,112.751,34.1319
15.9229,112.851,34.1319
15.4687,112.951,34.1319
15.9205,113.051,34.1319
16.3723,113.151,34.1319
17.007,113.251,34.1319
18.3846,113.351,34.1319
19.7622,113.451,34.1319
21.1399,113.551,34.1319
22.5188,113.651,34.1319
23.8976,113.751,34.1319
25.2765,113.851,34.1319
26.373,113.951,34.1319
27.4539,114.051,34.1319
28.5348,114.151,34.1319
29.4285,114.251,34.1319
30.2817,114.351,34.1319
31.1349,114.451,34.1319
31.5552,114.551,34.1319
31.7877,114.651,34.1319
32.0202,114.751,34.1319
32.3055,114.851,34.1319
32.6303,114.951,34.1319
32.9551,115.051,34.1319
33.1156,115.151,34.1319
33.0733,115.251,34.1319
33.031,115.351,34.1319
32.9028,115.451,34.1319
32.5939,115.551,34.1319
32.285,115.651,34.1319
31.9321,115.751,34.1319
31.4007,115.851,34.1319
30.8693,115.951,34.1319
30.348,116.051,34.1319
29.9546,116.151,34.1319
29.5613,116.251,34.1319
29.1679,116.351,34.1319
28.6745,116.451,34.1319
0,110.351,34.0319
0,110.451,34.0319
37.361,110.551,34.0319
37.7223,110.651,34.0319
37.9451,110.751,34.0319
37.6056,110.851,34.0319
37.266,110.951,34.0319
36.87,111.051,34.0319
35.7522,111.151,34.0319
34.6344,111.251,34.0319
33.5165,111.351,34.0319
33.0946,111.451,34.0319
32.7111,111.551,34.0319
32.3277,111.651,34.0319
30.9806,111.751,34.0319
29.4255,111.851,34.0319
27.8704,111.951,34.0319
26.1654,112.051,34.0319
24.3954,112.151,34.0319
22.6254,112.251,34.0319
21.4434,112.351,34.0319
20.7003,112.451,34.0319
19.9573,112.551,34.0319
19.1109,112.651,34.0319
18.1369,112.751,34.0319
17.1629,112.851,34.0319
16.6847,112.951,34.0319
17.248,113.051,34.0319
17.8112,113.151,34.0319
18.5539,113.251,34.0319
20.0253,113.351,34.0319
21.4967,113.451,34.0319
22.9688,113.551,34.0319
24.4499,113.651,34.0319
25.931,113.751,34.0319
27.4121,113.851,34.0319
28.384,113.951,34.0319
29.3277,114.051,34.0319
30.2715,114.151,34.0319
30.9904,114.251,34.0319
31.6609,114.351,34.0319
32.3314,114.451,34.0319
32.65,114.551,34.0319
32.8159,114.651,34.0319
32.9819,114.751,34.0319
33.1492,114.851,34.0319
33.3175,114.951,34.0319
33.4859,115.051,34.0319
33.5439,115.151,34.0319
33.4657,115.251,34.0319
33.3875,115.351,34.0319
33.178,115.451,34.0319
0,115.551,34.0319
0,115.651,34.0319
0,115.751,34.0319
0,115.851,34.0319
30.7755,115.951,34.0319
30.3137,116.051,34.0319
30.0144,116.151,34.0319
29.7151,116.251,34.0319
29.4158,116.351,34.0319
28.9155,116.451,34.0319
0,110.351,33.9319
0,110.451,33.9319
38.2618,110.551,33.9319
37.8421,110.651,33.9319
37.5784,110.751,33.9319
37.9483,110.851,33.9319
38.3182,110.951,33.9319
38.606,111.051,33.9319
37.8429,111.151,33.9319
37.0799,111.251,33.9319
36.3169,111.351,33.9319
35.4062,111.451,33.9319
34.4873,111.551,33.9319
33.5684,111.651,33.9319
32.0953,111.751,33.9319
30.5027,111.851,33.9319
28.9101,111.951,33.9319
27.3199,112.051,33.9319
25.7308,112.151,33.9319
24.1417,112.251,33.9319
23.0119,112.351,33.9319
22.225,112.451,33.9319
21.4381,112.551,33.9319
20.5278,112.651,33.9319
19.4653,112.751,33.9319
18.4029,112.851,33.9319
17.9007,112.951,33.9319
18.5754,113.051,33.9319
19.2501,113.151,33.9319
20.1007,113.251,33.9319
21.666,113.351,33.9319
23.2312,113.451,33.9319
24.7977,113.551,33.9319
26.381,113.651,33.9319
27.9643,113.751,33.9319
29.5476,113.851,33.9319
30.395,113.951,33.9319
31.2015,114.051,33.9319
32.0081,114.151,33.9319
32.5524,114.251,33.9319
33.0402,114.351,33.9319
33.5279,114.451,33.9319
33.7448,114.551,33.9319
33.8441,114.651,33.9319
33.9435,114.751,33.9319
33.9928,114.851,33.9319
34.0047,114.951,33.9319
34.0167,115.051,33.9319
33.9722,115.151,33.9319
33.858,115.251,33.9319
33.7439,115.351,33.9319
33.4532,115.451,33.9319
0,115.551,33.9319
0,115.651,33.9319
0,115.751,33.9319
0,115.851,33.9319
0,115.951,33.9319
30.2794,116.051,33.9319
30.0742,116.151,33.9319
29.8689,116.251,33.9319
29.6637,116.351,33.9319
0,116.451,33.9319
0,110.351,33.8319
0,110.451,33.8319
0,110.551,33.8319
0,110.651,33.8319
39.1131,110.751,33.8319
38.4278,110.851,33.8319
37.7425,110.951,33.8319
37.0699,111.051,33.8319
36.5607,111.151,33.8319
36.0515,111.251,33.8319
35.5423,111.351,33.8319
34.3578,111.451,33.8319
33.1358,111.551,33.8319
31.9139,111.651,33.8319
30.7793,111.751,33.8319
29.6635,111.851,33.8319
28.5477,111.951,33.8319
27.5129,112.051,33.8319
26.5132,112.151,33.8319
25.5135,112.251,33.8319
24.4967,112.351,33.8319
23.4672,112.451,33.8319
22.4376,112.551,33.8319
21.6517,112.651,33.8319
21.1664,112.751,33.8319
20.6811,112.851,33.8319
20.6961,112.951,33.8319
21.7619,113.051,33.8319
22.8277,113.151,33.8319
23.9339,113.251,33.8319
25.2046,113.351,33.8319
26.4752,113.451,33.8319
27.7492,113.551,33.8319
29.0663,113.651,33.8319
30.3833,113.751,33.8319
31.7004,113.851,33.8319
32.138,113.951,33.8319
32.5268,114.051,33.8319
32.9157,114.151,33.8319
33.0953,114.251,33.8319
33.2298,114.351,33.8319
33.3643,114.451,33.8319
33.5722,114.551,33.8319
33.812,114.651,33.8319
34.0518,114.751,33.8319
34.1792,114.851,33.8319
34.2229,114.951,33.8319
34.2665,115.051,33.8319
34.2242,115.151,33.8319
34.076,115.251,33.8319
33.9277,115.351,33.8319
33.603,115.451,33.8319
0,115.551,33.8319
0,115.651,33.8319
0,115.751,33.8319
0,115.851,33.8319
0,115.951,33.8319
30.3093,116.051,33.8319
30.0979,116.151,33.8319
29.8865,116.251,33.8319
0,116.351,33.8319
0,116.451,33.8319
0,110.351,33.7319
0,110.451,33.7319
0,110.551,33.7319
0,110.651,33.7319
0,110.751,33.7319
38.9175,110.851,33.7319
37.0453,110.951,33.7319
35.2898,111.051,33.7319
35.0269,111.151,33.7319
34.7639,111.251,33.7319
34.501,111.351,33.7319
33.0587,111.451,33.7319
31.551,111.551,33.7319
30.0434,111.651,33.7319
29.2818,111.751,33.7319
28.6812,111.851,33.7319
28.0807,111.951,33.7319
27.6341,112.051,33.7319
27.2543,112.151,33.7319
26.8745,112.251,33.7319
25.9753,112.351,33.7319
24.6883,112.451,33.7319
23.4013,112.551,33.7319
22.7537,112.651,33.7319
22.8953,112.751,33.7319
23.0369,112.851,33.7319
23.6094,112.951,33.7319
25.0871,113.051,33.7319
26.5649,113.151,33.7319
27.9377,113.251,33.7319
28.8848,113.351,33.7319
29.8318,113.451,33.7319
30.7843,113.551,33.7319
31.8077,113.651,33.7319
32.8311,113.751,33.7319
33.8545,113.851,33.7319
33.861,113.951,33.7319
33.8112,114.051,33.7319
33.7614,114.151,33.7319
33.5622,114.251,33.7319
33.3307,114.351,33.7319
33.0992,114.451,33.7319
33.3051,114.551,33.7319
33.7008,114.651,33.7319
34.0964,114.751,33.7319
34.3166,114.851,33.7319
34.406,114.951,33.7319
34.4953,115.051,33.7319
34.4631,115.151,33.7319
34.2809,115.251,33.7319
34.0987,115.351,33.7319
33.7434,115.451,33.7319
0,115.551,33.7319
0,115.651,33.7319
0,115.751,33.7319
0,115.851,33.7319
0,115.951,33.7319
0,116.051,33.7319
0,116.151,33.7319
0,116.251,33.7319
0,116.351,33.7319
0,116.451,33.7319
0,110.351,33.6319
0,110.451,33.6319
0,110.551,33.6319
0,110.651,33.6319
0,110.751,33.6319
0,110.851,33.6319
38.6159,110.951,33.6319
36.3381,111.051,33.6319
35.6149,111.151,33.6319
34.8918,111.251,33.6319
34.1687,111.351,33.6319
32.7521,111.451,33.6319
31.2971,111.551,33.6319
29.8422,111.651,33.6319
29.3551,111.751,33.6319
29.0769,111.851,33.6319
28.7987,111.951,33.6319
28.5578,112.051,33.6319
28.333,112.151,33.6319
28.1083,112.251,33.6319
27.3756,112.351,33.6319
26.2636,112.451,33.6319
25.1517,112.551,33.6319
24.657,112.651,33.6319
24.9245,112.751,33.6319
25.1919,112.851,33.6319
25.8866,112.951,33.6319
27.4786,113.051,33.6319
29.0706,113.151,33.6319
30.5557,113.251,33.6319
31.6063,113.351,33.6319
32.6569,113.451,33.6319
33.682,113.551,33.6319
34.3808,113.651,33.6319
35.0796,113.751,33.6319
35.7784,113.851,33.6319
35.3986,113.951,33.6319
34.9591,114.051,33.6319
34.5195,114.151,33.6319
33.9902,114.251,33.6319
33.4414,114.351,33.6319
32.8927,114.451,33.6319
33.0319,114.551,33.6319
33.4693,114.651,33.6319
33.9067,114.751,33.6319
34.1794,114.851,33.6319
34.329,114.951,33.6319
34.4786,115.051,33.6319
34.4754,115.151,33.6319
34.2833,115.251,33.6319
34.0913,115.351,33.6319
33.7258,115.451,33.6319
0,115.551,33.6319
0,115.651,33.6319
0,115.751,33.6319
0,115.851,33.6319
0,115.951,33.6319
0,116.051,33.6319
0,116.151,33.6319
0,116.251,33.6319
0,116.351,33.6319
0,116.451,33.6319
0,110.351,33.5319
0,110.451,33.5319
0,110.551,33.5319
0,110.651,33.5319
0,110.751,33.5319
0,110.851,33.5319
0,110.951,33.5319
41.127,111.051,33.5319
39.0093,111.151,33.5319
36.8916,111.251,33.5319
34.7739,111.351,33.5319
33.7582,111.451,33.5319
32.8034,111.551,33.5319
31.8487,111.651,33.5319
31.5058,111.751,33.5319
31.2949,111.851,33.5319
31.0841,111.951,33.5319
30.5428,112.051,33.5319
29.8583,112.151,33.5319
29.1738,112.251,33.5319
28.6723,112.351,33.5319
28.3073,112.451,33.5319
27.9424,112.551,33.5319
27.6202,112.651,33.5319
27.3509,112.751,33.5319
27.0815,112.851,33.5319
27.3224,112.951,33.5319
28.6351,113.051,33.5319
29.9478,113.151,33.5319
31.3408,113.251,33.5319
33.0599,113.351,33.5319
34.7791,113.451,33.5319
36.3977,113.551,33.5319
36.7311,113.651,33.5319
37.0644,113.751,33.5319
37.3979,113.851,33.5319
36.6909,113.951,33.5319
35.9263,114.051,33.5319
35.1618,114.151,33.5319
34.3668,114.251,33.5319
33.5653,114.351,33.5319
32.7637,114.451,33.5319
32.7504,114.551,33.5319
33.0788,114.651,33.5319
33.4072,114.751,33.5319
33.6788,114.851,33.5319
33.908,114.951,33.5319
34.1373,115.051,33.5319
34.1879,115.151,33.5319
34.018,115.251,33.5319
0,115.351,33.5319
0,115.451,33.5319
0,115.551,33.5319
0,115.651,33.5319
0,115.751,33.5319
0,115.851,33.5319
0,115.951,33.5319
0,116.051,33.5319
0,116.151,33.5319
0,116.251,33.5319
0,116.351,33.5319
0,116.451,33.5319
0,110.351,33.4319
0,110.451,33.4319
0,110.551,33.4319
0,110.651,33.4319
0,110.751,33.4319
0,110.851,33.4319
0,110.951,33.4319
45.9158,111.051,33.4319
42.4036,111.151,33.4319
38.8914,111.251,33.4319
35.3792,111.351,33.4319
34.7642,111.451,33.4319
34.3097,111.551,33.4319
33.8551,111.651,33.4319
33.6564,111.751,33.4319
33.5129,111.851,33.4319
33.3694,111.951,33.4319
32.5279,112.051,33.4319
31.3836,112.151,33.4319
30.2394,112.251,33.4319
29.9691,112.351,33.4319
30.3511,112.451,33.4319
30.7331,112.551,33.4319
30.5834,112.651,33.4319
29.7772,112.751,33.4319
28.9711,112.851,33.4319
28.7583,112.951,33.4319
29.7917,113.051,33.4319
30.825,113.151,33.4319
32.126,113.251,33.4319
34.5136,113.351,33.4319
36.9012,113.451,33.4319
39.1134,113.551,33.4319
39.0813,113.651,33.4319
39.0493,113.751,33.4319
39.0173,113.851,33.4319
37.9832,113.951,33.4319
36.8936,114.051,33.4319
35.804,114.151,33.4319
34.7434,114.251,33.4319
33.6891,114.351,33.4319
32.6348,114.451,33.4319
32.4689,114.551,33.4319
32.6883,114.651,33.4319
32.9077,114.751,33.4319
33.1783,114.851,33.4319
33.4871,114.951,33.4319
33.7959,115.051,33.4319
33.9004,115.151,33.4319
0,115.251,33.4319
0,115.351,33.4319
0,115.451,33.4319
0,115.551,33.4319
0,115.651,33.4319
0,115.751,33.4319
0,115.851,33.4319
0,115.951,33.4319
0,116.051,33.4319
0,116.151,33.4319
0,116.251,33.4319
0,116.351,33.4319
0,116.451,33.4319
0,110.351,33.3319
0,110.451,33.3319
0,110.551,33.3319
0,110.651,33.3319
0,110.751,33.3319
0,110.851,33.3319
48.5629,110.951,33.3319
47.441,111.051,33.3319
44.7139,111.151,33.3319
41.9867,111.251,33.3319
39.2596,111.351,33.3319
38.4262,111.451,33.3319
37.6976,111.551,33.3319
36.969,111.651,33.3319
36.4518,111.751,33.3319
35.9802,111.851,33.3319
35.5087,111.951,33.3319
34.6339,112.051,33.3319
33.5843,112.151,33.3319
32.5347,112.251,33.3319
32.2196,112.351,33.3319
32.453,112.451,33.3319
32.6863,112.551,33.3319
32.6059,112.651,33.3319
32.1382,112.751,33.3319
31.6705,112.851,33.3319
31.6795,112.951,33.3319
32.6897,113.051,33.3319
33.7,113.151,33.3319
34.879,113.251,33.3319
36.7432,113.351,33.3319
38.6075,113.451,33.3319
40.3018,113.551,33.3319
39.8223,113.651,33.3319
39.3427,113.751,33.3319
38.8632,113.851,33.3319
37.661,113.951,33.3319
36.4189,114.051,33.3319
35.1767,114.151,33.3319
34.0921,114.251,33.3319
33.0415,114.351,33.3319
31.9909,114.451,33.3319
31.8676,114.551,33.3319
32.1464,114.651,33.3319
32.4251,114.751,33.3319
32.7691,114.851,33.3319
33.162,114.951,33.3319
33.5548,115.051,33.3319
33.6978,115.151,33.3319
33.5326,115.251,33.3319
0,115.351,33.3319
0,115.451,33.3319
0,115.551,33.3319
0,115.651,33.3319
0,115.751,33.3319
0,115.851,33.3319
0,115.951,33.3319
0,116.051,33.3319
0,116.151,33.3319
0,116.251,33.3319
0,116.351,33.3319
0,116.451,33.3319
0,110.351,33.2319
0,110.451,33.2319
0,110.551,33.2319
0,110.651,33.2319
0,110.751,33.2319
0,110.851,33.2319
0,110.951,33.2319
48.7227,111.051,33.2319
46.9432,111.151,33.2319
45.1638,111.251,33.2319
43.3843,111.351,33.2319
42.2862,111.451,33.2319
41.2259,111.551,33.2319
40.1655,111.651,33.2319
39.2953,111.751,33.2319
38.4662,111.851,33.2319
37.637,111.951,33.2319
36.7489,112.051,33.2319
35.8353,112.151,33.2319
34.9217,112.251,33.2319
34.5414,112.351,33.2319
34.5592,112.451,33.2319
34.577,112.551,33.2319
34.5582,112.651,33.2319
34.4942,112.751,33.2319
34.4302,112.851,33.2319
34.7114,112.951,33.2319
35.7177,113.051,33.2319
36.724,113.151,33.2319
37.7788,113.251,33.2319
39.0308,113.351,33.2319
40.2828,113.451,33.2319
41.3762,113.551,33.2319
40.4431,113.651,33.2319
39.51,113.751,33.2319
38.5768,113.851,33.2319
37.2184,113.951,33.2319
35.8365,114.051,33.2319
34.4546,114.151,33.2319
33.364,114.251,33.2319
32.3363,114.351,33.2319
31.3087,114.451,33.2319
31.2424,114.551,33.2319
31.5931,114.651,33.2319
31.9438,114.751,33.2319
32.3669,114.851,33.2319
32.844,114.951,33.2319
33.3211,115.051,33.2319
33.5016,115.151,33.2319
0,115.251,33.2319
0,115.351,33.2319
0,115.451,33.2319
0,115.551,33.2319
0,115.651,33.2319
0,115.751,33.2319
0,115.851,33.2319
0,115.951,33.2319
0,116.051,33.2319
0,116.151,33.2319
0,116.251,33.2319
0,116.351,33.2319
0,116.451,33.2319
0,110.351,33.1319
0,110.451,33.1319
0,110.551,33.1319
0,110.651,33.1319
0,110.751,33.1319
0,110.851,33.1319
0,110.951,33.1319
0,111.051,33.1319
47.9058,111.151,33.1319
46.9514,111.251,33.1319
45.9971,111.351,33.1319
45.0509,111.451,33.1319
44.1051,111.551,33.1319
43.1593,111.651,33.1319
42.1081,111.751,33.1319
41.0342,111.851,33.1319
39.9602,111.951,33.1319
38.9974,112.051,33.1319
38.0828,112.151,33.1319
37.1682,112.251,33.1319
36.7024,112.351,33.1319
36.5717,112.451,33.1319
36.4409,112.551,33.1319
36.4565,112.651,33.1319
36.6527,112.751,33.1319
36.849,112.851,33.1319
37.2674,112.951,33.1319
38.1527,113.051,33.1319
39.038,113.151,33.1319
39.8889,113.251,33.1319
40.6005,113.351,33.1319
41.3121,113.451,33.1319
41.8719,113.551,33.1319
40.4913,113.651,33.1319
39.1108,113.751,33.1319
37.7302,113.851,33.1319
36.2627,113.951,33.1319
34.7903,114.051,33.1319
33.318,114.151,33.1319
32.3034,114.251,33.1319
31.3877,114.351,33.1319
30.4719,114.451,33.1319
30.4958,114.551,33.1319
30.9271,114.651,33.1319
31.3584,114.751,33.1319
0,114.851,33.1319
32.3238,114.951,33.1319
0,115.051,33.1319
0,115.151,33.1319
0,115.251,33.1319
0,115.351,33.1319
0,115.451,33.1319
0,115.551,33.1319
0,115.651,33.1319
0,115.751,33.1319
0,115.851,33.1319
0,115.951,33.1319
0,116.051,33.1319
0,116.151,33.1319
0,116.251,33.1319
0,116.351,33.1319
0,116.451,33.1319
0,110.351,33.0319
0,110.451,33.0319
0,110.551,33.0319
0,110.651,33.0319
0,110.751,33.0319
0,110.851,33.0319
0,110.951,33.0319
0,111.051,33.0319
0,111.151,33.0319
46.9016,111.251,33.0319
46.6103,111.351,33.0319
46.3668,111.451,33.0319
46.126,111.551,33.0319
45.8851,111.651,33.0319
44.8803,111.751,33.0319
43.7107,111.851,33.0319
42.5411,111.951,33.0319
41.4224,112.051,33.0319
40.3257,112.151,33.0319
39.2289,112.251,33.0319
38.6509,112.351,33.0319
38.4602,112.451,33.0319
38.2694,112.551,33.0319
38.2834,112.651,33.0319
38.5501,112.751,33.0319
38.8167,112.851,33.0319
39.194,112.951,33.0319
39.8035,113.051,33.0319
40.413,113.151,33.0319
40.9547,113.251,33.0319
41.2209,113.351,33.0319
41.4871,113.451,33.0319
41.602,113.551,33.0319
39.7822,113.651,33.0319
37.9625,113.751,33.0319
36.1428,113.851,33.0319
34.6283,113.951,33.0319
33.1307,114.051,33.0319
31.6331,114.151,33.0319
30.8031,114.251,33.0319
30.117,114.351,33.0319
29.4309,114.451,33.0319
29.5885,114.551,33.0319
30.1119,114.651,33.0319
30.6353,114.751,33.0319
0,114.851,33.0319
0,114.951,33.0319
0,115.051,33.0319
0,115.151,33.0319
0,115.251,33.0319
0,115.351,33.0319
0,115.451,33.0319
0,115.551,33.0319
0,115.651,33.0319
0,115.751,33.0319
0,115.851,33.0319
0,115.951,33.0319
0,116.051,33.0319
0,116.151,33.0319
0,116.251,33.0319
0,116.351,33.0319
0,116.451,33.0319
0,110.351,32.9319
0,110.451,32.9319
0,110.551,32.9319
0,110.651,32.9319
0,110.751,32.9319
0,110.851,32.9319
0,110.951,32.9319
0,111.051,32.9319
0,111.151,32.9319
46.8518,111.251,32.9319
47.2236,111.351,32.9319
47.6828,111.451,32.9319
48.1468,111.551,32.9319
48.6108,111.651,32.9319
47.6525,111.751,32.9319
46.3873,111.851,32.9319
45.1221,111.951,32.9319
43.8473,112.051,32.9319
42.5685,112.151,32.9319
41.2897,112.251,32.9319
40.5994,112.351,32.9319
40.3487,112.451,32.9319
40.0979,112.551,32.9319
40.1103,112.651,32.9319
40.4474,112.751,32.9319
40.7845,112.851,32.9319
41.1205,112.951,32.9319
41.4543,113.051,32.9319
41.7881,113.151,32.9319
42.0205,113.251,32.9319
41.8413,113.351,32.9319
41.6622,113.451,32.9319
41.3321,113.551,32.9319
39.0732,113.651,32.9319
36.8142,113.751,32.9319
34.5553,113.851,32.9319
32.9939,113.951,32.9319
31.4711,114.051,32.9319
29.9483,114.151,32.9319
29.3027,114.251,32.9319
28.8462,114.351,32.9319
28.3898,114.451,32.9319
28.6811,114.551,32.9319
29.2967,114.651,32.9319
29.9122,114.751,32.9319
30.384,114.851,32.9319
0,114.951,32.9319
31.1128,115.051,32.9319
0,115.151,32.9319
0,115.251,32.9319
0,115.351,32.9319
0,115.451,32.9319
0,115.551,32.9319
0,115.651,32.9319
0,115.751,32.9319
0,115.851,32.9319
0,115.951,32.9319
0,116.051,32.9319
0,116.151,32.9319
0,116.251,32.9319
0,116.351,32.9319
0,116.451,32.9319
0,110.351,32.8319
0,110.451,32.8319
0,110.551,32.8319
0,110.651,32.8319
0,110.751,32.8319
0,110.851,32.8319
0,110.951,32.8319
0,111.051,32.8319
0,111.151,32.8319
0,111.251,32.8319
44.7568,111.351,32.8319
44.506,111.451,32.8319
44.2476,111.551,32.8319
43.9891,111.651,32.8319
44.06,111.751,32.8319
44.202,111.851,32.8319
44.3439,111.951,32.8319
44.0491,112.051,32.8319
43.565,112.151,32.8319
43.0809,112.251,32.8319
42.7286,112.351,32.8319
42.4749,112.451,32.8319
42.2211,112.551,32.8319
42.1782,112.651,32.8319
42.3957,112.751,32.8319
42.6132,112.851,32.8319
42.7786,112.951,32.8319
42.8344,113.051,32.8319
42.8903,113.151,32.8319
42.843,113.251,32.8319
42.3768,113.351,32.8319
41.9105,113.451,32.8319
41.2741,113.551,32.8319
38.4614,113.651,32.8319
35.6487,113.751,32.8319
32.836,113.851,32.8319
31.2975,113.951,32.8319
29.8295,114.051,32.8319
28.3615,114.151,32.8319
27.787,114.251,32.8319
27.4054,114.351,32.8319
27.0237,114.451,32.8319
27.3602,114.551,32.8319
28.008,114.651,32.8319
28.6558,114.751,32.8319
29.1513,114.851,32.8319
29.5329,114.951,32.8319
29.9146,115.051,32.8319
0,115.151,32.8319
0,115.251,32.8319
0,115.351,32.8319
0,115.451,32.8319
0,115.551,32.8319
0,115.651,32.8319
0,115.751,32.8319
0,115.851,32.8319
0,115.951,32.8319
0,116.051,32.8319
0,116.151,32.8319
0,116.251,32.8319
0,116.351,32.8319
0,116.451,32.8319
0,110.351,32.7319
0,110.451,32.7319
0,110.551,32.7319
0,110.651,32.7319
0,110.751,32.7319
0,110.851,32.7319
0,110.951,32.7319
0,111.051,32.7319
0,111.151,32.7319
0,111.251,32.7319
0,111.351,32.7319
40.994,111.451,32.7319
39.9066,111.551,32.7319
38.8192,111.651,32.7319
39.9927,111.751,32.7319
41.6539,111.851,32.7319
43.3152,111.951,32.7319
44.0851,112.051,32.7319
44.4685,112.151,32.7319
44.852,112.251,32.7319
44.8713,112.351,32.7319
44.6188,112.451,32.7319
44.3663,112.551,32.7319
44.2642,112.651,32.7319
44.3479,112.751,32.7319
44.4316,112.851,32.7319
44.4166,112.951,32.7319
44.1943,113.051,32.7319
43.9721,113.151,32.7319
43.6473,113.251,32.7319
42.9058,113.351,32.7319
42.1644,113.451,32.7319
41.2319,113.551,32.7319
37.8569,113.651,32.7319
34.4819,113.751,32.7319
31.1069,113.851,32.7319
29.5964,113.951,32.7319
28.1892,114.051,32.7319
26.7819,114.151,32.7319
26.2702,114.251,32.7319
25.9518,114.351,32.7319
25.6334,114.451,32.7319
26.0084,114.551,32.7319
26.684,114.651,32.7319
27.3597,114.751,32.7319
27.8804,114.851,32.7319
28.2856,114.951,32.7319
28.6907,115.051,32.7319
0,115.151,32.7319
0,115.251,32.7319
0,115.351,32.7319
0,115.451,32.7319
0,115.551,32.7319
0,115.651,32.7319
0,115.751,32.7319
0,115.851,32.7319
0,115.951,32.7319
0,116.051,32.7319
0,116.151,32.7319
0,116.251,32.7319
0,116.351,32.7319
0,116.451,32.7319
0,110.351,32.6319
0,110.451,32.6319
0,110.551,32.6319
0,110.651,32.6319
0,110.751,32.6319
0,110.851,32.6319
0,110.951,32.6319
0,111.051,32.6319
0,111.151,32.6319
0,111.251,32.6319
0,111.351,32.6319
0,111.451,32.6319
0,111.551,32.6319
0,111.651,32.6319
36.492,111.751,32.6319
38.8489,111.851,32.6319
41.2059,111.951,32.6319
42.601,112.051,32.6319
43.579,112.151,32.6319
44.557,112.251,32.6319
44.9729,112.351,32.6319
44.9691,112.451,32.6319
44.9653,112.551,32.6319
45.0721,112.651,32.6319
45.3157,112.751,32.6319
45.5592,112.851,32.6319
45.5702,112.951,32.6319
45.0925,113.051,32.6319
44.6149,113.151,32.6319
44.0566,113.251,32.6319
43.171,113.351,32.6319
42.2854,113.451,32.6319
41.1982,113.551,32.6319
37.5345,113.651,32.6319
33.8707,113.751,32.6319
30.2069,113.851,32.6319
28.6247,113.951,32.6319
27.1577,114.051,32.6319
25.6907,114.151,32.6319
25.1183,114.251,32.6319
24.7389,114.351,32.6319
24.3595,114.451,32.6319
24.7111,114.551,32.6319
25.3796,114.651,32.6319
26.0481,114.751,32.6319
26.5896,114.851,32.6319
27.0363,114.951,32.6319
27.483,115.051,32.6319
0,115.151,32.6319
0,115.251,32.6319
0,115.351,32.6319
0,115.451,32.6319
0,115.551,32.6319
0,115.651,32.6319
0,115.751,32.6319
0,115.851,32.6319
0,115.951,32.6319
0,116.051,32.6319
0,116.151,32.6319
0,116.251,32.6319
0,116.351,32.6319
0,116.451,32.6319
0,110.351,32.5319
0,110.451,32.5319
0,110.551,32.5319
0,110.651,32.5319
0,110.751,32.5319
0,110.851,32.5319
0,110.951,32.5319
0,111.051,32.5319
0,111.151,32.5319
0,111.251,32.5319
0,111.351,32.5319
0,111.451,32.5319
0,111.551,32.5319
0,111.651,32.5319
33.7407,111.751,32.5319
35.7042,111.851,32.5319
37.6676,111.951,32.5319
39.1066,112.051,32.5319
40.3181,112.151,32.5319
41.5296,112.251,32.5319
42.3751,112.351,32.5319
42.9472,112.451,32.5319
43.5194,112.551,32.5319
44.1899,112.651,32.5319
44.9817,112.751,32.5319
45.7735,112.851,32.5319
46.0832,112.951,32.5319
45.3801,113.051,32.5319
44.677,113.151,32.5319
43.9436,113.251,32.5319
43.0872,113.351,32.5319
42.2307,113.451,32.5319
41.1758,113.551,32.5319
37.585,113.651,32.5319
33.9942,113.751,32.5319
30.4034,113.851,32.5319
28.6175,113.951,32.5319
26.9314,114.051,32.5319
25.2454,114.151,32.5319
24.4489,114.251,32.5319
23.8444,114.351,32.5319
23.2398,114.451,32.5319
23.486,114.551,32.5319
24.101,114.651,32.5319
24.716,114.751,32.5319
25.2722,114.851,32.5319
25.7844,114.951,32.5319
26.2967,115.051,32.5319
26.8366,115.151,32.5319
27.4109,115.251,32.5319
27.9851,115.351,32.5319
0,115.451,32.5319
0,115.551,32.5319
0,115.651,32.5319
0,115.751,32.5319
0,115.851,32.5319
0,115.951,32.5319
0,116.051,32.5319
0,116.151,32.5319
0,116.251,32.5319
0,116.351,32.5319
0,116.451,32.5319
0,110.351,32.4319
0,110.451,32.4319
0,110.551,32.4319
0,110.651,32.4319
0,110.751,32.4319
0,110.851,32.4319
0,110.951,32.4319
0,111.051,32.4319
0,111.151,32.4319
0,111.251,32.4319
0,111.351,32.4319
0,111.451,32.4319
0,111.551,32.4319
0,111.651,32.4319
0,111.751,32.4319
0,111.851,32.4319
0,111.951,32.4319
0,112.051,32.4319
37.0572,112.151,32.4319
38.5022,112.251,32.4319
39.7772,112.351,32.4319
40.9254,112.451,32.4319
42.0735,112.551,32.4319
43.3076,112.651,32.4319
44.6477,112.751,32.4319
45.9878,112.851,32.4319
0,112.951,32.4319
45.6677,113.051,32.4319
0,113.151,32.4319
43.8307,113.251,32.4319
43.0033,113.351,32.4319
42.176,113.451,32.4319
41.1535,113.551,32.4319
37.6356,113.651,32.4319
34.1178,113.751,32.4319
30.5999,113.851,32.4319
28.6103,113.951,32.4319
26.7052,114.051,32.4319
24.8001,114.151,32.4319
23.7795,114.251,32.4319
22.9498,114.351,32.4319
22.12,114.451,32.4319
22.2608,114.551,32.4319
22.8224,114.651,32.4319
23.384,114.751,32.4319
23.9548,114.851,32.4319
24.5326,114.951,32.4319
25.1104,115.051,32.4319
25.7638,115.151,32.4319
26.5106,115.251,32.4319
27.2575,115.351,32.4319
27.8423,115.451,32.4319
28.087,115.551,32.4319
28.3316,115.651,32.4319
28.5285,115.751,32.4319
0,115.851,32.4319
0,115.951,32.4319
0,116.051,32.4319
0,116.151,32.4319
0,116.251,32.4319
0,116.351,32.4319
0,116.451,32.4319
0,110.351,32.3319
0,110.451,32.3319
0,110.551,32.3319
0,110.651,32.3319
0,110.751,32.3319
0,110.851,32.3319
0,110.951,32.3319
0,111.051,32.3319
0,111.151,32.3319
0,111.251,32.3319
0,111.351,32.3319
0,111.451,32.3319
0,111.551,32.3319
0,111.651,32.3319
0,111.751,32.3319
0,111.851,32.3319
0,111.951,32.3319
0,112.051,32.3319
0,112.151,32.3319
0,112.251,32.3319
0,112.351,32.3319
0,112.451,32.3319
0,112.551,32.3319
0,112.651,32.3319
0,112.751,32.3319
0,112.851,32.3319
0,112.951,32.3319
0,113.051,32.3319
0,113.151,32.3319
0,113.251,32.3319
40.518,113.351,32.3319
0,113.451,32.3319
0,113.551,32.3319
0,113.651,32.3319
34.1737,113.751,32.3319
31.7399,113.851,32.3319
29.808,113.951,32.3319
27.904,114.051,32.3319
25.9999,114.151,32.3319
24.6613,114.251,32.3319
23.4448,114.351,32.3319
22.2282,114.451,32.3319
22.1123,114.551,32.3319
22.4735,114.651,32.3319
22.8347,114.751,32.3319
23.3305,114.851,32.3319
23.9266,114.951,32.3319
24.5227,115.051,32.3319
25.1522,115.151,32.3319
25.8231,115.251,32.3319
26.4939,115.351,32.3319
27.0173,115.451,32.3319
27.2312,115.551,32.3319
27.4451,115.651,32.3319
27.5771,115.751,32.3319
0,115.851,32.3319
0,115.951,32.3319
0,116.051,32.3319
0,116.151,32.3319
0,116.251,32.3319
0,116.351,32.3319
0,116.451,32.3319
0,110.351,32.2319
0,110.451,32.2319
0,110.551,32.2319
0,110.651,32.2319
0,110.751,32.2319
0,110.851,32.2319
0,110.951,32.2319
0,111.051,32.2319
0,111.151,32.2319
0,111.251,32.2319
0,111.351,32.2319
0,111.451,32.2319
0,111.551,32.2319
0,111.651,32.2319
0,111.751,32.2319
0,111.851,32.2319
0,111.951,32.2319
0,112.051,32.2319
0,112.151,32.2319
0,112.251,32.2319
0,112.351,32.2319
0,112.451,32.2319
0,112.551,32.2319
0,112.651,32.2319
0,112.751,32.2319
0,112.851,32.2319
0,112.951,32.2319
0,113.051,32.2319
0,113.151,32.2319
0,113.251,32.2319
0,113.351,32.2319
0,113.451,32.2319
0,113.551,32.2319
0,113.651,32.2319
34.2246,113.751,32.2319
32.9503,113.851,32.2319
31.0957,113.951,32.2319
29.2091,114.051,32.2319
27.3224,114.151,32.2319
25.6589,114.251,32.2319
24.0434,114.351,32.2319
22.428,114.451,32.2319
22.044,114.551,32.2319
22.1939,114.651,32.2319
22.3439,114.751,32.2319
22.7578,114.851,32.2319
23.3687,114.951,32.2319
23.9797,115.051,32.2319
24.5751,115.151,32.2319
25.1513,115.251,32.2319
25.7276,115.351,32.2319
26.1748,115.451,32.2319
26.351,115.551,32.2319
26.5271,115.651,32.2319
26.5841,115.751,32.2319
0,115.851,32.2319
0,115.951,32.2319
0,116.051,32.2319
0,116.151,32.2319
0,116.251,32.2319
0,116.351,32.2319
0,116.451,32.2319
0,110.351,32.1319
0,110.451,32.1319
0,110.551,32.1319
0,110.651,32.1319
0,110.751,32.1319
0,110.851,32.1319
0,110.951,32.1319
0,111.051,32.1319
0,111.151,32.1319
0,111.251,32.1319
0,111.351,32.1319
0,111.451,32.1319
0,111.551,32.1319
0,111.651,32.1319
0,111.751,32.1319
0,111.851,32.1319
0,111.951,32.1319
0,112.051,32.1319
0,112.151,32.1319
0,112.251,32.1319
0,112.351,32.1319
0,112.451,32.1319
0,112.551,32.1319
0,112.651,32.1319
0,112.751,32.1319
0,112.851,32.1319
0,112.951,32.1319
0,113.051,32.1319
0,113.151,32.1319
0,113.251,32.1319
0,113.351,32.1319
0,113.451,32.1319
0,113.551,32.1319
34.0124,113.651,32.1319
33.4973,113.751,32.1319
32.9822,113.851,32.1319
31.5114,113.951,32.1319
29.9878,114.051,32.1319
28.4641,114.151,32.1319
26.8682,114.251,32.1319
25.2568,114.351,32.1319
23.6453,114.451,32.1319
23.0602,114.551,32.1319
22.9202,114.651,32.1319
22.7802,114.751,32.1319
23.007,114.851,32.1319
23.5078,114.951,32.1319
24.0085,115.051,32.1319
24.4684,115.151,32.1319
24.8777,115.251,32.1319
25.287,115.351,32.1319
25.5908,115.451,32.1319
25.673,115.551,32.1319
25.7553,115.651,32.1319
25.7303,115.751,32.1319
0,115.851,32.1319
0,115.951,32.1319
0,116.051,32.1319
0,116.151,32.1319
0,116.251,32.1319
0,116.351,32.1319
0,116.451,32.1319
0,110.351,32.0319
0,110.451,32.0319
0,110.551,32.0319
0,110.651,32.0319
0,110.751,32.0319
0,110.851,32.0319
0,110.951,32.0319
0,111.051,32.0319
0,111.151,32.0319
0,111.251,32.0319
0,111.351,32.0319
0,111.451,32.0319
0,111.551,32.0319
0,111.651,32.0319
0,111.751,32.0319
0,111.851,32.0319
0,111.951,32.0319
0,112.051,32.0319
0,112.151,32.0319
0,112.251,32.0319
0,112.351,32.0319
0,112.451,32.0319
0,112.551,32.0319
0,112.651,32.0319
0,112.751,32.0319
0,112.851,32.0319
0,112.951,32.0319
0,113.051,32.0319
0,113.151,32.0319
0,113.251,32.0319
0,113.351,32.0319
0,113.451,32.0319
0,113.551,32.0319
0,113.651,32.0319
31.7408,113.751,32.0319
31.4556,113.851,32.0319
30.7739,113.951,32.0319
30.0703,114.051,32.0319
29.3667,114.151,32.0319
28.3578,114.251,32.0319
27.283,114.351,32.0319
26.2082,114.451,32.0319
25.5107,114.551,32.0319
24.9766,114.651,32.0319
24.4426,114.751,32.0319
24.3433,114.851,32.0319
24.5685,114.951,32.0319
24.7938,115.051,32.0319
24.9838,115.151,32.0319
25.1304,115.251,32.0319
25.2771,115.351,32.0319
25.3487,115.451,32.0319
25.2626,115.551,32.0319
25.1766,115.651,32.0319
25.0604,115.751,32.0319
0,115.851,32.0319
0,115.951,32.0319
0,116.051,32.0319
0,116.151,32.0319
0,116.251,32.0319
0,116.351,32.0319
0,116.451,32.0319
0,110.351,31.9319
0,110.451,31.9319
0,110.551,31.9319
0,110.651,31.9319
0,110.751,31.9319
0,110.851,31.9319
0,110.951,31.9319
0,111.051,31.9319
0,111.151,31.9319
0,111.251,31.9319
0,111.351,31.9319
0,111.451,31.9319
0,111.551,31.9319
0,111.651,31.9319
0,111.751,31.9319
0,111.851,31.9319
0,111.951,31.9319
0,112.051,31.9319
0,112.151,31.9319
0,112.251,31.9319
0,112.351,31.9319
0,112.451,31.9319
0,112.551,31.9319
0,112.651,31.9319
0,112.751,31.9319
0,112.851,31.9319
0,112.951,31.9319
0,113.051,31.9319
0,113.151,31.9319
0,113.251,31.9319
0,113.351,31.9319
0,113.451,31.9319
0,113.551,31.9319
0,113.651,31.9319
0,113.751,31.9319
29.929,113.851,31.9319
30.0364,113.951,31.9319
30.1529,114.051,31.9319
30.2694,114.151,31.9319
29.8474,114.251,31.9319
29.3093,114.351,31.9319
28.7712,114.451,31.9319
27.9611,114.551,31.9319
27.033,114.651,31.9319
26.105,114.751,31.9319
25.6795,114.851,31.9319
25.6292,114.951,31.9319
25.579,115.051,31.9319
25.4993,115.151,31.9319
25.3832,115.251,31.9319
25.2671,115.351,31.9319
25.1065,115.451,31.9319
24.8522,115.551,31.9319
24.5979,115.651,31.9319
24.3906,115.751,31.9319
0,115.851,31.9319
0,115.951,31.9319
0,116.051,31.9319
0,116.151,31.9319
0,116.251,31.9319
0,116.351,31.9319
0,116.451,31.9319
0,110.351,31.8319
0,110.451,31.8319
0,110.551,31.8319
0,110.651,31.8319
0,110.751,31.8319
0,110.851,31.8319
0,110.951,31.8319
0,111.051,31.8319
0,111.151,31.8319
0,111.251,31.8319
0,111.351,31.8319
0,111.451,31.8319
0,111.551,31.8319
0,111.651,31.8319
0,111.751,31.8319
0,111.851,31.8319
0,111.951,31.8319
0,112.051,31.8319
0,112.151,31.8319
0,112.251,31.8319
0,112.351,31.8319
0,112.451,31.8319
0,112.551,31.8319
0,112.651,31.8319
0,112.751,31.8319
0,112.851,31.8319
0,112.951,31.8319
0,113.051,31.8319
0,113.151,31.8319
0,113.251,31.8319
0,113.351,31.8319
0,113.451,31.8319
0,113.551,31.8319
0,113.651,31.8319
0,113.751,31.8319
0,113.851,31.8319
30.0942,113.951,31.8319
0,114.051,31.8319
0,114.151,31.8319
31.0095,114.251,31.8319
31.0215,114.351,31.8319
31.0336,114.451,31.8319
30.4121,114.551,31.8319
29.5159,114.651,31.8319
28.6196,114.751,31.8319
28.0451,114.851,31.8319
27.7108,114.951,31.8319
27.3764,115.051,31.8319
27.1783,115.151,31.8319
27.1483,115.251,31.8319
27.1183,115.351,31.8319
27.0484,115.451,31.8319
26.8949,115.551,31.8319
26.7414,115.651,31.8319
0,115.751,31.8319
0,115.851,31.8319
0,115.951,31.8319
0,116.051,31.8319
0,116.151,31.8319
0,116.251,31.8319
0,116.351,31.8319
0,116.451,31.8319
0,110.351,31.7319
0,110.451,31.7319
0,110.551,31.7319
0,110.651,31.7319
0,110.751,31.7319
0,110.851,31.7319
0,110.951,31.7319
0,111.051,31.7319
0,111.151,31.7319
0,111.251,31.7319
0,111.351,31.7319
0,111.451,31.7319
0,111.551,31.7319
0,111.651,31.7319
0,111.751,31.7319
0,111.851,31.7319
0,111.951,31.7319
0,112.051,31.7319
0,112.151,31.7319
0,112.251,31.7319
0,112.351,31.7319
0,112.451,31.7319
0,112.551,31.7319
0,112.651,31.7319
0,112.751,31.7319
0,112.851,31.7319
0,112.951,31.7319
0,113.051,31.7319
0,113.151,31.7319
0,113.251,31.7319
0,113.351,31.7319
0,113.451,31.7319
0,113.551,31.7319
0,113.651,31.7319
0,113.751,31.7319
0,113.851,31.7319
0,113.951,31.7319
0,114.051,31.7319
0,114.151,31.7319
0,114.251,31.7319
0,114.351,31.7319
0,114.451,31.7319
32.8631,114.551,31.7319
32.0305,114.651,31.7319
31.1978,114.751,31.7319
30.4875,114.851,31.7319
29.8685,114.951,31.7319
29.2494,115.051,31.7319
28.9442,115.151,31.7319
29.0262,115.251,31.7319
29.1082,115.351,31.7319
0,115.451,31.7319
0,115.551,31.7319
0,115.651,31.7319
0,115.751,31.7319
0,115.851,31.7319
0,115.951,31.7319
0,116.051,31.7319
0,116.151,31.7319
0,116.251,31.7319
0,116.351,31.7319
0,116.451,31.7319
0,110.351,31.6319
0,110.451,31.6319
0,110.551,31.6319
0,110.651,31.6319
0,110.751,31.6319
0,110.851,31.6319
0,110.951,31.6319
0,111.051,31.6319
0,111.151,31.6319
0,111.251,31.6319
0,111.351,31.6319
0,111.451,31.6319
0,111.551,31.6319
0,111.651,31.6319
0,111.751,31.6319
0,111.851,31.6319
0,111.951,31.6319
0,112.051,31.6319
0,112.151,31.6319
0,112.251,31.6319
0,112.351,31.6319
0,112.451,31.6319
0,112.551,31.6319
0,112.651,31.6319
0,112.751,31.6319
0,112.851,31.6319
0,112.951,31.6319
0,113.051,31.6319
0,113.151,31.6319
0,113.251,31.6319
0,113.351,31.6319
0,113.451,31.6319
0,113.551,31.6319
0,113.651,31.6319
0,113.751,31.6319
0,113.851,31.6319
0,113.951,31.6319
0,114.051,31.6319
0,114.151,31.6319
0,114.251,31.6319
0,114.351,31.6319
0,114.451,31.6319
0,114.551,31.6319
33.8826,114.651,31.6319
33.2179,114.751,31.6319
32.5186,114.851,31.6319
31.7933,114.951,31.6319
31.0681,115.051,31.6319
30.7277,115.151,31.6319
30.8624,115.251,31.6319
30.997,115.351,31.6319
0,115.451,31.6319
0,115.551,31.6319
0,115.651,31.6319
0,115.751,31.6319
0,115.851,31.6319
0,115.951,31.6319
0,116.051,31.6319
0,116.151,31.6319
0,116.251,31.6319
0,116.351,31.6319
0,116.451,31.6319
0,110.351,31.5319
0,110.451,31.5319
0,110.551,31.5319
0,110.651,31.5319
0,110.751,31.5319
0,110.851,31.5319
0,110.951,31.5319
0,111.051,31.5319
0,111.151,31.5319
0,111.251,31.5319
0,111.351,31.5319
0,111.451,31.5319
0,111.551,31.5319
0,111.651,31.5319
0,111.751,31.5319
0,111.851,31.5319
0,111.951,31.5319
0,112.051,31.5319
0,112.151,31.5319
0,112.251,31.5319
0,112.351,31.5319
0,112.451,31.5319
0,112.551,31.5319
0,112.651,31.5319
0,112.751,31.5319
0,112.851,31.5319
0,112.951,31.5319
0,113.051,31.5319
0,113.151,31.5319
0,113.251,31.5319
0,113.351,31.5319
0,113.451,31.5319
0,113.551,31.5319
0,113.651,31.5319
0,113.751,31.5319
0,113.851,31.5319
0,113.951,31.5319
0,114.051,31.5319
0,114.151,31.5319
0,114.251,31.5319
0,114.351,31.5319
0,114.451,31.5319
0,114.551,31.5319
0,114.651,31.5319
34.4998,114.751,31.5319
34.0056,114.851,31.5319
33.4103,114.951,31.5319
0,115.051,31.5319
32.5348,115.151,31.5319
32.6433,115.251,31.5319
0,115.351,31.5319
0,115.451,31.5319
0,115.551,31.5319
0,115.651,31.5319
0,115.751,31.5319
0,115.851,31.5319
0,115.951,31.5319
0,116.051,31.5319
0,116.151,31.5319
0,116.251,31.5319
0,116.351,31.5319
0,116.451,31.5319
